{
  "resources": [
    {
      "resource_id": 1,
      "name": "Pathway segment",
      "type": "Building Material",
      "bounding_box": 1,
      "cost": 0,
      "interest_factor": 0,
      "incompatible_with": [],
      "orientations": [
        {"rotation": 0, "cells": [[0, 0]]},
        {"rotation": 1, "cells": [[0, 0]]},
        {"rotation": 2, "cells": [[0, 0]]},
        {"rotation": 3, "cells": [[0, 0]]}
      ]
    },
    {
      "resource_id": 2,
      "name": "Parking lot",
      "type": "Building",
      "bounding_box": 8,
      "cost": 1523456,
      "interest_factor": 10,
      "incompatible_with": [2],
      "orientations": [
        {"rotation": 0, "cells": [[0, 0], [0, 1], [0, 2], [0, 3], [0, 4], [0, 5], [0, 6], [0, 7], [1, 0], [1, 1], [1, 2], [1, 3], [1, 4], [1, 5], [1, 6], [1, 7], [2, 0], [2, 1], [2, 2], [2, 3]]},
        {"rotation": 1, "cells": [[0, 0], [0, 1], [0, 2], [1, 0], [1, 1], [1, 2], [2, 0], [2, 1], [2, 2], [3, 0], [3, 1], [3, 2], [4, 1], [4, 2], [5, 1], [5, 2], [6, 1], [6, 2], [7, 1], [7, 2]]},
        {"rotation": 2, "cells": [[0, 4], [0, 5], [0, 6], [0, 7], [1, 0], [1, 1], [1, 2], [1, 3], [1, 4], [1, 5], [1, 6], [1, 7], [2, 0], [2, 1], [2, 2], [2, 3], [2, 4], [2, 5], [2, 6], [2, 7]]},
        {"rotation": 3, "cells": [[0, 0], [0, 1], [1, 0], [1, 1], [2, 0], [2, 1], [3, 0], [3, 1], [4, 0], [4, 1], [4, 2], [5, 0], [5, 1], [5, 2], [6, 0], [6, 1], [6, 2], [7, 0], [7, 1], [7, 2]]}
      ]
    },
    {
      "resource_id": 3,
      "name": "Coffee shop",
      "type": "Building",
      "bounding_box": 5,
      "cost": 812345,
      "interest_factor": 35,
      "incompatible_with": [3, 9, 10, 11, 12, 13, 14, 15, 16],
      "orientations": [
        {"rotation": 0, "cells": [[0, 0], [0, 1], [0, 2], [0, 3], [0, 4], [1, 0], [1, 1], [1, 2], [1, 3], [1, 4], [2, 0], [2, 1], [2, 3], [2, 4]]},
        {"rotation": 1, "cells": [[0, 0], [0, 1], [0, 2], [1, 0], [1, 1], [1, 2], [2, 1], [2, 2], [3, 0], [3, 1], [3, 2], [4, 0], [4, 1], [4, 2]]},
        {"rotation": 2, "cells": [[0, 0], [0, 1], [0, 3], [0, 4], [1, 0], [1, 1], [1, 2], [1, 3], [1, 4], [2, 0], [2, 1], [2, 2], [2, 3], [2, 4]]},
        {"rotation": 3, "cells": [[0, 0], [0, 1], [0, 2], [1, 0], [1, 1], [1, 2], [2, 0], [2, 1], [3, 0], [3, 1], [3, 2], [4, 0], [4, 1], [4, 2]]}
      ]
    },
    {
      "resource_id": 4,
      "name": "Bathroom",
      "type": "Building",
      "bounding_box": 8,
      "cost": 321098,
      "interest_factor": 5,
      "incompatible_with": [4],
      "orientations": [
        {"rotation": 0, "cells": [[0, 0], [0, 1], [0, 2], [0, 5], [0, 6], [0, 7], [1, 0], [1, 1], [1, 2], [1, 3], [1, 4], [1, 5], [1, 6], [1, 7], [2, 0], [2, 1], [2, 2], [2, 5], [2, 6], [2, 7]]},
        {"rotation": 1, "cells": [[0, 0], [0, 1], [0, 2], [1, 0], [1, 1], [1, 2], [2, 0], [2, 1], [2, 2], [3, 1], [4, 1], [5, 0], [5, 1], [5, 2], [6, 0], [6, 1], [6, 2], [7, 0], [7, 1], [7, 2]]},
        {"rotation": 2, "cells": [[0, 0], [0, 1], [0, 2], [0, 5], [0, 6], [0, 7], [1, 0], [1, 1], [1, 2], [1, 3], [1, 4], [1, 5], [1, 6], [1, 7], [2, 0], [2, 1], [2, 2], [2, 5], [2, 6], [2, 7]]},
        {"rotation": 3, "cells": [[0, 0], [0, 1], [0, 2], [1, 0], [1, 1], [1, 2], [2, 0], [2, 1], [2, 2], [3, 1], [4, 1], [5, 0], [5, 1], [5, 2], [6, 0], [6, 1], [6, 2], [7, 0], [7, 1], [7, 2]]}
      ]
    },
    {
      "resource_id": 5,
      "name": "Restaurant",
      "type": "Building",
      "bounding_box": 9,
      "cost": 1276543,
      "interest_factor": 60,
      "incompatible_with": [5, 9, 10, 11, 12, 13, 14, 15, 16],
      "orientations": [
        {"rotation": 0, "cells": [[0, 0], [0, 1], [0, 2], [0, 3], [0, 4], [0, 5], [0, 6], [0, 7], [0, 8], [1, 0], [1, 1], [1, 2], [1, 3], [1, 4], [1, 5], [1, 6], [1, 7], [1, 8], [2, 5], [2, 6], [2, 7], [2, 8], [3, 5], [3, 6], [3, 7], [3, 8], [4, 5], [4, 6], [4, 7], [4, 8], [5, 5], [5, 6], [5, 7], [5, 8], [6, 5], [6, 8]]},
        {"rotation": 1, "cells": [[0, 5], [0, 6], [1, 5], [1, 6], [2, 5], [2, 6], [3, 5], [3, 6], [4, 5], [4, 6], [5, 0], [5, 1], [5, 2], [5, 3], [5, 4], [5, 5], [5, 6], [6, 1], [6, 2], [6, 3], [6, 4], [6, 5], [6, 6], [7, 1], [7, 2], [7, 3], [7, 4], [7, 5], [7, 6], [8, 0], [8, 1], [8, 2], [8, 3], [8, 4], [8, 5], [8, 6]]},
        {"rotation": 2, "cells": [[0, 0], [0, 3], [1, 0], [1, 1], [1, 2], [1, 3], [2, 0], [2, 1], [2, 2], [2, 3], [3, 0], [3, 1], [3, 2], [3, 3], [4, 0], [4, 1], [4, 2], [4, 3], [5, 0], [5, 1], [5, 2], [5, 3], [5, 4], [5, 5], [5, 6], [5, 7], [5, 8], [6, 0], [6, 1], [6, 2], [6, 3], [6, 4], [6, 5], [6, 6], [6, 7], [6, 8]]},
        {"rotation": 3, "cells": [[0, 0], [0, 1], [0, 2], [0, 3], [0, 4], [0, 5], [0, 6], [1, 0], [1, 1], [1, 2], [1, 3], [1, 4], [1, 5], [2, 0], [2, 1], [2, 2], [2, 3], [2, 4], [2, 5], [3, 0], [3, 1], [3, 2], [3, 3], [3, 4], [3, 5], [3, 6], [4, 0], [4, 1], [5, 0], [5, 1], [6, 0], [6, 1], [7, 0], [7, 1], [8, 0], [8, 1]]}
      ]
    },
    {
      "resource_id": 6,
      "name": "Gift shop",
      "type": "Building",
      "bounding_box": 9,
      "cost": 734567,
      "interest_factor": 50,
      "incompatible_with": [6],
      "orientations": [
        {"rotation": 0, "cells": [[0, 0], [0, 1], [0, 2], [0, 3], [0, 4], [0, 5], [0, 6], [0, 7], [0, 8], [1, 0], [1, 1], [1, 2], [1, 3], [1, 4], [1, 5], [1, 6], [1, 7], [1, 8], [2, 0], [2, 1], [2, 2], [2, 3], [2, 4], [3, 0], [3, 1], [3, 2], [3, 3], [3, 4], [4, 0], [4, 1], [4, 2], [4, 3], [4, 4], [5, 0], [5, 1], [5, 2], [5, 3], [5, 4]]},
        {"rotation": 1, "cells": [[0, 0], [0, 1], [0, 2], [0, 3], [0, 4], [0, 5], [1, 0], [1, 1], [1, 2], [1, 3], [1, 4], [1, 5], [2, 0], [2, 1], [2, 2], [2, 3], [2, 4], [2, 5], [3, 0], [3, 1], [3, 2], [3, 3], [3, 4], [3, 5], [4, 0], [4, 1], [4, 2], [4, 3], [4, 4], [4, 5], [5, 4], [5, 5], [6, 4], [6, 5], [7, 4], [7, 5], [8, 4], [8, 5]]},
        {"rotation": 2, "cells": [[0, 4], [0, 5], [0, 6], [0, 7], [0, 8], [1, 4], [1, 5], [1, 6], [1, 7], [1, 8], [2, 4], [2, 5], [2, 6], [2, 7], [2, 8], [3, 4], [3, 5], [3, 6], [3, 7], [3, 8], [4, 0], [4, 1], [4, 2], [4, 3], [4, 4], [4, 5], [4, 6], [4, 7], [4, 8], [5, 0], [5, 1], [5, 2], [5, 3], [5, 4], [5, 5], [5, 6], [5, 7], [5, 8]]},
        {"rotation": 3, "cells": [[0, 0], [0, 1], [1, 0], [1, 1], [2, 0], [2, 1], [3, 0], [3, 1], [4, 0], [4, 1], [4, 2], [4, 3], [4, 4], [4, 5], [5, 0], [5, 1], [5, 2], [5, 3], [5, 4], [5, 5], [6, 0], [6, 1], [6, 2], [6, 3], [6, 4], [6, 5], [7, 0], [7, 1], [7, 2], [7, 3], [7, 4], [7, 5], [8, 0], [8, 1], [8, 2], [8, 3], [8, 4], [8, 5]]}
      ]
    },
    {
      "resource_id": 7,
      "name": "African Penguin",
      "type": "Bird Enclosure",
      "bounding_box": 4,
      "cost": 412345,
      "interest_factor": 55,
      "incompatible_with": [7, 3, 5, 27, 28, 29, 30, 31],
      "orientations": [
        {"rotation": 0, "cells": [[0, 0], [0, 1], [0, 2], [1, 1], [1, 2], [2, 1], [2, 2], [3, 1], [3, 2]]},
        {"rotation": 1, "cells": [[0, 3], [1, 0], [1, 1], [1, 2], [1, 3], [2, 0], [2, 1], [2, 2], [2, 3]]},
        {"rotation": 2, "cells": [[0, 0], [0, 1], [1, 0], [1, 1], [2, 0], [2, 1], [3, 0], [3, 1], [3, 2]]},
        {"rotation": 3, "cells": [[0, 0], [0, 1], [0, 2], [0, 3], [1, 0], [1, 1], [1, 2], [1, 3], [2, 0]]}
      ]
    },
    {
      "resource_id": 8,
      "name": "Blue Crane",
      "type": "Bird Enclosure",
      "bounding_box": 6,
      "cost": 367890,
      "interest_factor": 50,
      "incompatible_with": [8, 3, 5, 27, 28, 29, 30, 31],
      "orientations": [
        {"rotation": 0, "cells": [[0, 0], [0, 1], [0, 2], [0, 3], [0, 4], [0, 5], [1, 1], [1, 2], [1, 3], [1, 4]]},
        {"rotation": 1, "cells": [[0, 1], [1, 0], [1, 1], [2, 0], [2, 1], [3, 0], [3, 1], [4, 0], [4, 1], [5, 1]]},
        {"rotation": 2, "cells": [[0, 1], [0, 2], [0, 3], [0, 4], [1, 0], [1, 1], [1, 2], [1, 3], [1, 4], [1, 5]]},
        {"rotation": 3, "cells": [[0, 0], [1, 0], [1, 1], [2, 0], [2, 1], [3, 0], [3, 1], [4, 0], [4, 1], [5, 0]]}
      ]
    },
    {
      "resource_id": 9,
      "name": "Guineafowl",
      "type": "Bird Enclosure",
      "bounding_box": 3,
      "cost": 210987,
      "interest_factor": 30,
      "incompatible_with": [9, 3, 5, 27, 28, 29, 30, 31],
      "orientations": [
        {"rotation": 0, "cells": [[0, 0], [0, 1], [1, 0], [1, 1], [1, 2], [2, 0], [2, 1]]},
        {"rotation": 1, "cells": [[0, 0], [0, 1], [0, 2], [1, 0], [1, 1], [1, 2], [2, 1]]},
        {"rotation": 2, "cells": [[0, 1], [0, 2], [1, 0], [1, 1], [1, 2], [2, 1], [2, 2]]},
        {"rotation": 3, "cells": [[0, 1], [1, 0], [1, 1], [1, 2], [2, 0], [2, 1], [2, 2]]}
      ]
    },
    {
      "resource_id": 10,
      "name": "Spotted Eagle Owl",
      "type": "Bird Enclosure",
      "bounding_box": 4,
      "cost": 298765,
      "interest_factor": 45,
      "incompatible_with": [10, 3, 5, 7, 8, 9],
      "orientations": [
        {"rotation": 0, "cells": [[0, 0], [0, 1], [0, 2], [0, 3], [1, 1], [1, 2], [1, 3], [2, 2], [2, 3], [3, 3]]},
        {"rotation": 1, "cells": [[0, 3], [1, 2], [1, 3], [2, 1], [2, 2], [2, 3], [3, 0], [3, 1], [3, 2], [3, 3]]},
        {"rotation": 2, "cells": [[0, 0], [1, 0], [1, 1], [2, 0], [2, 1], [2, 2], [3, 0], [3, 1], [3, 2], [3, 3]]},
        {"rotation": 3, "cells": [[0, 0], [0, 1], [0, 2], [0, 3], [1, 0], [1, 1], [1, 2], [2, 0], [2, 1], [3, 0]]}
      ]
    },
    {
      "resource_id": 11,
      "name": "Tortoise",
      "type": "Reptile Enclosure",
      "bounding_box": 4,
      "cost": 234567,
      "interest_factor": 30,
      "incompatible_with": [11, 27, 28, 29, 30, 31],
      "orientations": [
        {"rotation": 0, "cells": [[0, 1], [1, 0], [1, 1], [1, 2], [2, 0], [2, 1], [3, 0], [3, 1]]},
        {"rotation": 1, "cells": [[0, 0], [0, 1], [0, 2], [1, 0], [1, 1], [1, 2], [1, 3], [2, 2]]},
        {"rotation": 2, "cells": [[0, 1], [0, 2], [1, 1], [1, 2], [2, 0], [2, 1], [2, 2], [3, 1]]},
        {"rotation": 3, "cells": [[0, 1], [1, 0], [1, 1], [1, 2], [1, 3], [2, 1], [2, 2], [2, 3]]}
      ]
    },
    {
      "resource_id": 12,
      "name": "Cape Cobra",
      "type": "Reptile Enclosure",
      "bounding_box": 4,
      "cost": 467890,
      "interest_factor": 65,
      "incompatible_with": [12, 11, 13, 14, 15, 16, 17, 18, 19, 20, 21, 22, 23, 24, 25],
      "orientations": [
        {"rotation": 0, "cells": [[0, 0], [0, 1], [0, 2], [0, 3], [1, 3], [2, 3]]},
        {"rotation": 1, "cells": [[0, 2], [1, 2], [2, 2], [3, 0], [3, 1], [3, 2]]},
        {"rotation": 2, "cells": [[0, 0], [1, 0], [2, 0], [2, 1], [2, 2], [2, 3]]},
        {"rotation": 3, "cells": [[0, 0], [0, 1], [0, 2], [1, 0], [2, 0], [3, 0]]}
      ]
    },
    {
      "resource_id": 13,
      "name": "Puff Adder",
      "type": "Reptile Enclosure",
      "bounding_box": 4,
      "cost": 432109,
      "interest_factor": 60,
      "incompatible_with": [13, 11, 12, 14, 15, 16, 17, 18, 19, 20, 21, 22, 23, 24, 25],
      "orientations": [
        {"rotation": 0, "cells": [[0, 0], [0, 1], [0, 2], [0, 3], [1, 0], [2, 0], [3, 0]]},
        {"rotation": 1, "cells": [[0, 0], [0, 1], [0, 2], [0, 3], [1, 3], [2, 3], [3, 3]]},
        {"rotation": 2, "cells": [[0, 3], [1, 3], [2, 3], [3, 0], [3, 1], [3, 2], [3, 3]]},
        {"rotation": 3, "cells": [[0, 0], [1, 0], [2, 0], [3, 0], [3, 1], [3, 2], [3, 3]]}
      ]
    },
    {
      "resource_id": 14,
      "name": "Boomslang",
      "type": "Reptile Enclosure",
      "bounding_box": 4,
      "cost": 398765,
      "interest_factor": 55,
      "incompatible_with": [14, 11, 12, 13, 15, 16, 17, 18, 19, 20, 21, 22, 23, 24, 25],
      "orientations": [
        {"rotation": 0, "cells": [[0, 0], [0, 1], [0, 2], [0, 3], [1, 0], [1, 1], [1, 2], [1, 3]]},
        {"rotation": 1, "cells": [[0, 0], [0, 1], [1, 0], [1, 1], [2, 0], [2, 1], [3, 0], [3, 1]]},
        {"rotation": 2, "cells": [[0, 0], [0, 1], [0, 2], [0, 3], [1, 0], [1, 1], [1, 2], [1, 3]]},
        {"rotation": 3, "cells": [[0, 0], [0, 1], [1, 0], [1, 1], [2, 0], [2, 1], [3, 0], [3, 1]]}
      ]
    },
    {
      "resource_id": 15,
      "name": "Springbok",
      "type": "Herbivore Enclosure",
      "bounding_box": 8,
      "cost": 310987,
      "interest_factor": 40,
      "incompatible_with": [15, 12, 13, 14, 28, 29, 30, 31],
      "orientations": [
        {"rotation": 0, "cells": [[0, 0], [0, 1], [0, 2], [0, 3], [0, 4], [0, 5], [0, 6], [0, 7], [1, 0], [1, 1], [1, 2], [1, 3], [1, 4], [1, 5], [1, 6], [1, 7], [2, 0], [2, 1], [2, 6], [2, 7], [3, 0], [3, 1], [3, 6], [3, 7]]},
        {"rotation": 1, "cells": [[0, 0], [0, 1], [0, 2], [0, 3], [1, 0], [1, 1], [1, 2], [1, 3], [2, 2], [2, 3], [3, 2], [3, 3], [4, 2], [4, 3], [5, 2], [5, 3], [6, 0], [6, 1], [6, 2], [6, 3], [7, 0], [7, 1], [7, 2], [7, 3]]},
        {"rotation": 2, "cells": [[0, 0], [0, 1], [0, 6], [0, 7], [1, 0], [1, 1], [1, 6], [1, 7], [2, 0], [2, 1], [2, 2], [2, 3], [2, 4], [2, 5], [2, 6], [2, 7], [3, 0], [3, 1], [3, 2], [3, 3], [3, 4], [3, 5], [3, 6], [3, 7]]},
        {"rotation": 3, "cells": [[0, 0], [0, 1], [0, 2], [0, 3], [1, 0], [1, 1], [1, 2], [1, 3], [2, 0], [2, 1], [3, 0], [3, 1], [4, 0], [4, 1], [5, 0], [5, 1], [6, 0], [6, 1], [6, 2], [6, 3], [7, 0], [7, 1], [7, 2], [7, 3]]}
      ]
    },
    {
      "resource_id": 16,
      "name": "Kudu",
      "type": "Herbivore Enclosure",
      "bounding_box": 8,
      "cost": 465432,
      "interest_factor": 55,
      "incompatible_with": [16, 12, 13, 14, 28, 29, 30, 31],
      "orientations": [
        {"rotation": 0, "cells": [[0, 0], [0, 1], [0, 6], [0, 7], [1, 0], [1, 1], [1, 2], [1, 3], [1, 6], [1, 7], [2, 2], [2, 3], [2, 4], [2, 5], [2, 6], [2, 7], [3, 4], [3, 5], [3, 6], [3, 7], [4, 6], [4, 7]]},
        {"rotation": 1, "cells": [[0, 3], [0, 4], [1, 3], [1, 4], [2, 2], [2, 3], [3, 2], [3, 3], [4, 1], [4, 2], [5, 1], [5, 2], [6, 0], [6, 1], [6, 2], [6, 3], [6, 4], [7, 0], [7, 1], [7, 2], [7, 3], [7, 4]]},
        {"rotation": 2, "cells": [[0, 0], [0, 1], [1, 0], [1, 1], [1, 2], [1, 3], [2, 0], [2, 1], [2, 2], [2, 3], [2, 4], [2, 5], [3, 0], [3, 1], [3, 4], [3, 5], [3, 6], [3, 7], [4, 0], [4, 1], [4, 6], [4, 7]]},
        {"rotation": 3, "cells": [[0, 0], [0, 1], [0, 2], [0, 3], [0, 4], [1, 0], [1, 1], [1, 2], [1, 3], [1, 4], [2, 2], [2, 3], [3, 2], [3, 3], [4, 1], [4, 2], [5, 1], [5, 2], [6, 0], [6, 1], [7, 0], [7, 1]]}
      ]
    },
    {
      "resource_id": 17,
      "name": "Wildebeest",
      "type": "Herbivore Enclosure",
      "bounding_box": 6,
      "cost": 512345,
      "interest_factor": 60,
      "incompatible_with": [17, 12, 13, 14, 28, 29, 30, 31],
      "orientations": [
        {"rotation": 0, "cells": [[0, 0], [0, 1], [0, 2], [0, 3], [0, 4], [0, 5], [1, 0], [1, 1], [1, 2], [1, 3], [1, 4], [1, 5], [2, 0], [2, 1], [2, 2], [2, 3], [2, 4], [2, 5], [3, 0], [3, 1], [3, 2], [3, 3], [4, 0], [4, 1], [4, 2], [4, 3], [5, 0], [5, 1], [5, 2], [5, 3]]},
        {"rotation": 1, "cells": [[0, 0], [0, 1], [0, 2], [0, 3], [0, 4], [0, 5], [1, 0], [1, 1], [1, 2], [1, 3], [1, 4], [1, 5], [2, 0], [2, 1], [2, 2], [2, 3], [2, 4], [2, 5], [3, 0], [3, 1], [3, 2], [3, 3], [3, 4], [3, 5], [4, 3], [4, 4], [4, 5], [5, 3], [5, 4], [5, 5]]},
        {"rotation": 2, "cells": [[0, 2], [0, 3], [0, 4], [0, 5], [1, 2], [1, 3], [1, 4], [1, 5], [2, 2], [2, 3], [2, 4], [2, 5], [3, 0], [3, 1], [3, 2], [3, 3], [3, 4], [3, 5], [4, 0], [4, 1], [4, 2], [4, 3], [4, 4], [4, 5], [5, 0], [5, 1], [5, 2], [5, 3], [5, 4], [5, 5]]},
        {"rotation": 3, "cells": [[0, 0], [0, 1], [0, 2], [1, 0], [1, 1], [1, 2], [2, 0], [2, 1], [2, 2], [2, 3], [2, 4], [2, 5], [3, 0], [3, 1], [3, 2], [3, 3], [3, 4], [3, 5], [4, 0], [4, 1], [4, 2], [4, 3], [4, 4], [4, 5], [5, 0], [5, 1], [5, 2], [5, 3], [5, 4], [5, 5]]}
      ]
    },
    {
      "resource_id": 18,
      "name": "Zebra",
      "type": "Herbivore Enclosure",
      "bounding_box": 10,
      "cost": 498765,
      "interest_factor": 60,
      "incompatible_with": [18, 12, 13, 14, 28, 29, 30, 31],
      "orientations": [
        {"rotation": 0, "cells": [[0, 0], [0, 1], [0, 2], [0, 3], [0, 4], [0, 5], [0, 6], [0, 7], [0, 8], [0, 9], [1, 0], [1, 1], [1, 2], [1, 3], [1, 4], [1, 5], [1, 6], [1, 7], [1, 8], [1, 9], [2, 3], [2, 4], [2, 5], [2, 6], [2, 7], [2, 8], [2, 9], [3, 4], [3, 5], [3, 6], [3, 7], [3, 8], [3, 9], [4, 5], [4, 6], [4, 7], [4, 8], [4, 9], [5, 6], [5, 7], [5, 8], [5, 9]]},
        {"rotation": 1, "cells": [[0, 4], [0, 5], [1, 4], [1, 5], [2, 4], [2, 5], [3, 3], [3, 4], [3, 5], [4, 2], [4, 3], [4, 4], [4, 5], [5, 1], [5, 2], [5, 3], [5, 4], [5, 5], [6, 0], [6, 1], [6, 2], [6, 3], [6, 4], [6, 5], [7, 0], [7, 1], [7, 2], [7, 3], [7, 4], [7, 5], [8, 0], [8, 1], [8, 2], [8, 3], [8, 4], [8, 5], [9, 0], [9, 1], [9, 2], [9, 3], [9, 4], [9, 5]]},
        {"rotation": 2, "cells": [[0, 0], [0, 1], [0, 2], [0, 3], [1, 0], [1, 1], [1, 2], [1, 3], [1, 4], [2, 0], [2, 1], [2, 2], [2, 3], [2, 4], [2, 5], [3, 0], [3, 1], [3, 2], [3, 3], [3, 4], [3, 5], [3, 6], [4, 0], [4, 1], [4, 2], [4, 3], [4, 4], [4, 5], [4, 6], [4, 7], [4, 8], [4, 9], [5, 0], [5, 1], [5, 2], [5, 3], [5, 4], [5, 5], [5, 6], [5, 7], [5, 8], [5, 9]]},
        {"rotation": 3, "cells": [[0, 0], [0, 1], [0, 2], [0, 3], [0, 4], [0, 5], [1, 0], [1, 1], [1, 2], [1, 3], [1, 4], [1, 5], [2, 0], [2, 1], [2, 2], [2, 3], [2, 4], [2, 5], [3, 0], [3, 1], [3, 2], [3, 3], [3, 4], [3, 5], [4, 0], [4, 1], [4, 2], [4, 3], [4, 4], [5, 0], [5, 1], [5, 2], [5, 3], [6, 0], [6, 1], [6, 2], [7, 0], [7, 1], [8, 0], [8, 1], [9, 0], [9, 1]]}
      ]
    },
    {
      "resource_id": 19,
      "name": "Baboon",
      "type": "Omnivore Enclosure",
      "bounding_box": 8,
      "cost": 365432,
      "interest_factor": 50,
      "incompatible_with": [19, 12, 13, 14, 28, 29, 30, 31],
      "orientations": [
        {"rotation": 0, "cells": [[0, 0], [0, 1], [0, 2], [0, 3], [0, 4], [0, 5], [1, 0], [1, 1], [1, 2], [1, 3], [1, 4], [1, 5], [1, 6], [1, 7], [2, 0], [2, 1], [2, 2], [2, 3], [2, 4], [2, 5], [3, 1], [3, 2]]},
        {"rotation": 1, "cells": [[0, 1], [0, 2], [0, 3], [1, 0], [1, 1], [1, 2], [1, 3], [2, 0], [2, 1], [2, 2], [2, 3], [3, 1], [3, 2], [3, 3], [4, 1], [4, 2], [4, 3], [5, 1], [5, 2], [5, 3], [6, 2], [7, 2]]},
        {"rotation": 2, "cells": [[0, 5], [0, 6], [1, 2], [1, 3], [1, 4], [1, 5], [1, 6], [1, 7], [2, 0], [2, 1], [2, 2], [2, 3], [2, 4], [2, 5], [2, 6], [2, 7], [3, 2], [3, 3], [3, 4], [3, 5], [3, 6], [3, 7]]},
        {"rotation": 3, "cells": [[0, 1], [1, 1], [2, 0], [2, 1], [2, 2], [3, 0], [3, 1], [3, 2], [4, 0], [4, 1], [4, 2], [5, 0], [5, 1], [5, 2], [5, 3], [6, 0], [6, 1], [6, 2], [6, 3], [7, 0], [7, 1], [7, 2]]}
      ]
    },
    {
      "resource_id": 20,
      "name": "Warthog",
      "type": "Omnivore Enclosure",
      "bounding_box": 8,
      "cost": 332109,
      "interest_factor": 45,
      "incompatible_with": [20, 12, 13, 14, 28, 29, 30, 31],
      "orientations": [
        {"rotation": 0, "cells": [[0, 0], [0, 1], [0, 2], [0, 4], [0, 5], [0, 6], [1, 1], [1, 2], [1, 3], [1, 4], [1, 5], [1, 6], [1, 7], [2, 2], [2, 5], [2, 6], [2, 7]]},
        {"rotation": 1, "cells": [[0, 2], [1, 1], [1, 2], [2, 0], [2, 1], [2, 2], [3, 1], [4, 1], [4, 2], [5, 0], [5, 1], [5, 2], [6, 0], [6, 1], [6, 2], [7, 0], [7, 1]]},
        {"rotation": 2, "cells": [[0, 0], [0, 1], [0, 2], [0, 5], [1, 0], [1, 1], [1, 2], [1, 3], [1, 4], [1, 5], [1, 6], [2, 1], [2, 2], [2, 3], [2, 5], [2, 6], [2, 7]]},
        {"rotation": 3, "cells": [[0, 1], [0, 2], [1, 0], [1, 1], [1, 2], [2, 0], [2, 1], [2, 2], [3, 0], [3, 1], [4, 1], [5, 0], [5, 1], [5, 2], [6, 0], [6, 1], [7, 0]]}
      ]
    },
    {
      "resource_id": 21,
      "name": "Fox",
      "type": "Omnivore Enclosure",
      "bounding_box": 6,
      "cost": 297654,
      "interest_factor": 40,
      "incompatible_with": [21, 7, 8, 9, 10, 11, 15, 16, 17, 18, 19, 20, 22, 23, 24, 25, 26],
      "orientations": [
        {"rotation": 0, "cells": [[0, 0], [0, 1], [1, 0], [1, 1], [2, 0], [2, 1], [3, 0], [3, 1], [3, 2], [3, 3], [3, 4], [4, 0], [4, 1], [4, 2], [4, 3], [4, 4], [5, 0], [5, 1]]},
        {"rotation": 1, "cells": [[0, 0], [0, 1], [0, 2], [0, 3], [0, 4], [0, 5], [1, 0], [1, 1], [1, 2], [1, 3], [1, 4], [1, 5], [2, 1], [2, 2], [3, 1], [3, 2], [4, 1], [4, 2]]},
        {"rotation": 2, "cells": [[0, 3], [0, 4], [1, 0], [1, 1], [1, 2], [1, 3], [1, 4], [2, 0], [2, 1], [2, 2], [2, 3], [2, 4], [3, 3], [3, 4], [4, 3], [4, 4], [5, 3], [5, 4]]},
        {"rotation": 3, "cells": [[0, 3], [0, 4], [1, 3], [1, 4], [2, 3], [2, 4], [3, 0], [3, 1], [3, 2], [3, 3], [3, 4], [3, 5], [4, 0], [4, 1], [4, 2], [4, 3], [4, 4], [4, 5]]}
      ]
    },
    {
      "resource_id": 22,
      "name": "Meerkat",
      "type": "Omnivore Enclosure",
      "bounding_box": 10,
      "cost": 215432,
      "interest_factor": 35,
      "incompatible_with": [22, 7, 8, 9, 10, 11, 12, 13, 14, 15, 16, 17, 18, 19, 20, 21, 23, 24, 25, 26, 27, 28, 29, 30, 31],
      "orientations": [
        {"rotation": 0, "cells": [[0, 0], [0, 1], [0, 4], [0, 5], [0, 8], [0, 9], [1, 0], [1, 1], [1, 2], [1, 3], [1, 4], [1, 5], [1, 6], [1, 7], [1, 8], [1, 9], [2, 0], [2, 1], [2, 4], [2, 5], [2, 8], [2, 9]]},
        {"rotation": 1, "cells": [[0, 0], [0, 1], [0, 2], [1, 0], [1, 1], [1, 2], [2, 1], [3, 1], [4, 0], [4, 1], [4, 2], [5, 0], [5, 1], [5, 2], [6, 1], [7, 1], [8, 0], [8, 1], [8, 2], [9, 0], [9, 1], [9, 2]]},
        {"rotation": 2, "cells": [[0, 0], [0, 1], [0, 4], [0, 5], [0, 8], [0, 9], [1, 0], [1, 1], [1, 2], [1, 3], [1, 4], [1, 5], [1, 6], [1, 7], [1, 8], [1, 9], [2, 0], [2, 1], [2, 4], [2, 5], [2, 8], [2, 9]]},
        {"rotation": 3, "cells": [[0, 0], [0, 1], [0, 2], [1, 0], [1, 1], [1, 2], [2, 1], [3, 1], [4, 0], [4, 1], [4, 2], [5, 0], [5, 1], [5, 2], [6, 1], [7, 1], [8, 0], [8, 1], [8, 2], [9, 0], [9, 1], [9, 2]]}
      ]
    },
    {
      "resource_id": 23,
      "name": "Elephant",
      "type": "Herbivore Enclosure",
      "bounding_box": 18,
      "cost": 2543210,
      "interest_factor": 95,
      "incompatible_with": [23, 12, 13, 14, 28, 29, 30, 31],
      "orientations": [
        {"rotation": 0, "cells": [[0, 0], [0, 1], [0, 2], [0, 3], [0, 4], [0, 5], [0, 6], [0, 7], [0, 8], [0, 9], [0, 10], [0, 11], [0, 12], [0, 13], [0, 14], [0, 15], [0, 16], [0, 17], [1, 0], [1, 1], [1, 2], [1, 3], [1, 4], [1, 5], [1, 6], [1, 7], [1, 8], [1, 9], [1, 10], [1, 11], [1, 12], [1, 13], [1, 14], [1, 15], [1, 16], [1, 17], [2, 0], [2, 1], [2, 2], [2, 3], [2, 4], [2, 5], [2, 6], [2, 7], [2, 8], [2, 9], [2, 10], [2, 11], [2, 12], [2, 13], [2, 14], [2, 15], [2, 16], [2, 17], [3, 1], [3, 2], [3, 3], [3, 4], [3, 5], [3, 6], [3, 7], [3, 8], [3, 9], [3, 10], [3, 11], [3, 12], [3, 13], [3, 14], [3, 15], [3, 16], [3, 17], [4, 2], [4, 3], [4, 4], [4, 5], [4, 6], [4, 7], [4, 8], [4, 9], [4, 10], [5, 3], [5, 4], [5, 5], [5, 6], [5, 7], [5, 8], [5, 9], [6, 5], [6, 6], [7, 5], [7, 6]]},
        {"rotation": 1, "cells": [[0, 5], [0, 6], [0, 7], [1, 4], [1, 5], [1, 6], [1, 7], [2, 3], [2, 4], [2, 5], [2, 6], [2, 7], [3, 2], [3, 3], [3, 4], [3, 5], [3, 6], [3, 7], [4, 2], [4, 3], [4, 4], [4, 5], [4, 6], [4, 7], [5, 0], [5, 1], [5, 2], [5, 3], [5, 4], [5, 5], [5, 6], [5, 7], [6, 0], [6, 1], [6, 2], [6, 3], [6, 4], [6, 5], [6, 6], [6, 7], [7, 2], [7, 3], [7, 4], [7, 5], [7, 6], [7, 7], [8, 2], [8, 3], [8, 4], [8, 5], [8, 6], [8, 7], [9, 2], [9, 3], [9, 4], [9, 5], [9, 6], [9, 7], [10, 3], [10, 4], [10, 5], [10, 6], [10, 7], [11, 4], [11, 5], [11, 6], [11, 7], [12, 4], [12, 5], [12, 6], [12, 7], [13, 4], [13, 5], [13, 6], [13, 7], [14, 4], [14, 5], [14, 6], [14, 7], [15, 4], [15, 5], [15, 6], [15, 7], [16, 4], [16, 5], [16, 6], [16, 7], [17, 4], [17, 5], [17, 6], [17, 7]]},
        {"rotation": 2, "cells": [[0, 11], [0, 12], [1, 11], [1, 12], [2, 8], [2, 9], [2, 10], [2, 11], [2, 12], [2, 13], [2, 14], [3, 7], [3, 8], [3, 9], [3, 10], [3, 11], [3, 12], [3, 13], [3, 14], [3, 15], [4, 0], [4, 1], [4, 2], [4, 3], [4, 4], [4, 5], [4, 6], [4, 7], [4, 8], [4, 9], [4, 10], [4, 11], [4, 12], [4, 13], [4, 14], [4, 15], [4, 16], [5, 0], [5, 1], [5, 2], [5, 3], [5, 4], [5, 5], [5, 6], [5, 7], [5, 8], [5, 9], [5, 10], [5, 11], [5, 12], [5, 13], [5, 14], [5, 15], [5, 16], [5, 17], [6, 0], [6, 1], [6, 2], [6, 3], [6, 4], [6, 5], [6, 6], [6, 7], [6, 8], [6, 9], [6, 10], [6, 11], [6, 12], [6, 13], [6, 14], [6, 15], [6, 16], [6, 17], [7, 0], [7, 1], [7, 2], [7, 3], [7, 4], [7, 5], [7, 6], [7, 7], [7, 8], [7, 9], [7, 10], [7, 11], [7, 12], [7, 13], [7, 14], [7, 15], [7, 16], [7, 17]]},
        {"rotation": 3, "cells": [[0, 0], [0, 1], [0, 2], [0, 3], [1, 0], [1, 1], [1, 2], [1, 3], [2, 0], [2, 1], [2, 2], [2, 3], [3, 0], [3, 1], [3, 2], [3, 3], [4, 0], [4, 1], [4, 2], [4, 3], [5, 0], [5, 1], [5, 2], [5, 3], [6, 0], [6, 1], [6, 2], [6, 3], [7, 0], [7, 1], [7, 2], [7, 3], [7, 4], [8, 0], [8, 1], [8, 2], [8, 3], [8, 4], [8, 5], [9, 0], [9, 1], [9, 2], [9, 3], [9, 4], [9, 5], [10, 0], [10, 1], [10, 2], [10, 3], [10, 4], [10, 5], [11, 0], [11, 1], [11, 2], [11, 3], [11, 4], [11, 5], [11, 6], [11, 7], [12, 0], [12, 1], [12, 2], [12, 3], [12, 4], [12, 5], [12, 6], [12, 7], [13, 0], [13, 1], [13, 2], [13, 3], [13, 4], [13, 5], [14, 0], [14, 1], [14, 2], [14, 3], [14, 4], [14, 5], [15, 0], [15, 1], [15, 2], [15, 3], [15, 4], [16, 0], [16, 1], [16, 2], [16, 3], [17, 0], [17, 1], [17, 2]]}
      ]
    },
    {
      "resource_id": 24,
      "name": "Giraffe",
      "type": "Herbivore Enclosure",
      "bounding_box": 18,
      "cost": 2087654,
      "interest_factor": 85,
      "incompatible_with": [24, 12, 13, 14, 28, 29, 30, 31],
      "orientations": [
        {"rotation": 0, "cells": [[0, 0], [0, 1], [0, 2], [0, 3], [0, 4], [0, 5], [0, 6], [0, 7], [0, 8], [0, 9], [0, 10], [0, 11], [0, 12], [0, 13], [0, 14], [0, 15], [0, 16], [0, 17], [1, 0], [1, 1], [1, 2], [1, 3], [1, 4], [1, 5], [1, 6], [1, 7], [1, 8], [1, 9], [1, 10], [1, 11], [1, 12], [1, 13], [1, 14], [1, 15], [1, 16], [1, 17], [2, 0], [2, 1], [2, 2], [2, 3], [2, 4], [2, 5], [2, 6], [2, 7], [2, 8], [2, 9], [2, 10], [2, 11], [2, 12], [2, 13], [2, 14], [2, 15], [2, 16], [2, 17], [3, 0], [3, 1], [3, 2], [3, 6], [3, 7], [3, 8], [3, 12], [3, 13], [3, 14], [4, 0], [4, 1], [4, 2], [4, 6], [4, 7], [4, 8], [4, 12], [4, 13], [4, 14], [5, 0], [5, 1], [5, 2], [5, 6], [5, 7], [5, 8], [5, 12], [5, 13], [5, 14]]},
        {"rotation": 1, "cells": [[0, 0], [0, 1], [0, 2], [0, 3], [0, 4], [0, 5], [1, 0], [1, 1], [1, 2], [1, 3], [1, 4], [1, 5], [2, 0], [2, 1], [2, 2], [2, 3], [2, 4], [2, 5], [3, 3], [3, 4], [3, 5], [4, 3], [4, 4], [4, 5], [5, 3], [5, 4], [5, 5], [6, 0], [6, 1], [6, 2], [6, 3], [6, 4], [6, 5], [7, 0], [7, 1], [7, 2], [7, 3], [7, 4], [7, 5], [8, 0], [8, 1], [8, 2], [8, 3], [8, 4], [8, 5], [9, 3], [9, 4], [9, 5], [10, 3], [10, 4], [10, 5], [11, 3], [11, 4], [11, 5], [12, 0], [12, 1], [12, 2], [12, 3], [12, 4], [12, 5], [13, 0], [13, 1], [13, 2], [13, 3], [13, 4], [13, 5], [14, 0], [14, 1], [14, 2], [14, 3], [14, 4], [14, 5], [15, 3], [15, 4], [15, 5], [16, 3], [16, 4], [16, 5], [17, 3], [17, 4], [17, 5]]},
        {"rotation": 2, "cells": [[0, 3], [0, 4], [0, 5], [0, 9], [0, 10], [0, 11], [0, 15], [0, 16], [0, 17], [1, 3], [1, 4], [1, 5], [1, 9], [1, 10], [1, 11], [1, 15], [1, 16], [1, 17], [2, 3], [2, 4], [2, 5], [2, 9], [2, 10], [2, 11], [2, 15], [2, 16], [2, 17], [3, 0], [3, 1], [3, 2], [3, 3], [3, 4], [3, 5], [3, 6], [3, 7], [3, 8], [3, 9], [3, 10], [3, 11], [3, 12], [3, 13], [3, 14], [3, 15], [3, 16], [3, 17], [4, 0], [4, 1], [4, 2], [4, 3], [4, 4], [4, 5], [4, 6], [4, 7], [4, 8], [4, 9], [4, 10], [4, 11], [4, 12], [4, 13], [4, 14], [4, 15], [4, 16], [4, 17], [5, 0], [5, 1], [5, 2], [5, 3], [5, 4], [5, 5], [5, 6], [5, 7], [5, 8], [5, 9], [5, 10], [5, 11], [5, 12], [5, 13], [5, 14], [5, 15], [5, 16], [5, 17]]},
        {"rotation": 3, "cells": [[0, 0], [0, 1], [0, 2], [1, 0], [1, 1], [1, 2], [2, 0], [2, 1], [2, 2], [3, 0], [3, 1], [3, 2], [3, 3], [3, 4], [3, 5], [4, 0], [4, 1], [4, 2], [4, 3], [4, 4], [4, 5], [5, 0], [5, 1], [5, 2], [5, 3], [5, 4], [5, 5], [6, 0], [6, 1], [6, 2], [7, 0], [7, 1], [7, 2], [8, 0], [8, 1], [8, 2], [9, 0], [9, 1], [9, 2], [9, 3], [9, 4], [9, 5], [10, 0], [10, 1], [10, 2], [10, 3], [10, 4], [10, 5], [11, 0], [11, 1], [11, 2], [11, 3], [11, 4], [11, 5], [12, 0], [12, 1], [12, 2], [13, 0], [13, 1], [13, 2], [14, 0], [14, 1], [14, 2], [15, 0], [15, 1], [15, 2], [15, 3], [15, 4], [15, 5], [16, 0], [16, 1], [16, 2], [16, 3], [16, 4], [16, 5], [17, 0], [17, 1], [17, 2], [17, 3], [17, 4], [17, 5]]}
      ]
    },
    {
      "resource_id": 25,
      "name": "Rhinoceros",
      "type": "Herbivore Enclosure",
      "bounding_box": 18,
      "cost": 2234567,
      "interest_factor": 90,
      "incompatible_with": [25, 12, 13, 14, 28, 29, 30, 31],
      "orientations": [
        {"rotation": 0, "cells": [[0, 0], [0, 1], [0, 2], [0, 3], [0, 4], [0, 5], [0, 10], [0, 11], [0, 12], [0, 13], [0, 14], [0, 15], [0, 16], [0, 17], [1, 0], [1, 1], [1, 2], [1, 3], [1, 4], [1, 5], [1, 10], [1, 11], [1, 12], [1, 13], [1, 14], [1, 15], [1, 16], [1, 17], [2, 0], [2, 1], [2, 2], [2, 3], [2, 4], [2, 5], [2, 10], [2, 11], [2, 12], [2, 13], [2, 14], [2, 15], [2, 16], [2, 17], [3, 3], [3, 4], [3, 5], [3, 10], [3, 11], [3, 12], [4, 3], [4, 4], [4, 5], [4, 6], [4, 7], [4, 8], [4, 9], [4, 10], [4, 11], [4, 12], [5, 3], [5, 4], [5, 5], [5, 6], [5, 7], [5, 8], [5, 9], [5, 10], [5, 11], [5, 12], [6, 3], [6, 4], [6, 5], [6, 6], [6, 7], [6, 8], [6, 9], [6, 10], [6, 11], [6, 12], [7, 6], [7, 7], [7, 8], [7, 9], [8, 6], [8, 7], [8, 8], [8, 9], [9, 6], [9, 7], [9, 8], [9, 9]]},
        {"rotation": 1, "cells": [[0, 7], [0, 8], [0, 9], [1, 7], [1, 8], [1, 9], [2, 7], [2, 8], [2, 9], [3, 3], [3, 4], [3, 5], [3, 6], [3, 7], [3, 8], [3, 9], [4, 3], [4, 4], [4, 5], [4, 6], [4, 7], [4, 8], [4, 9], [5, 3], [5, 4], [5, 5], [5, 6], [5, 7], [5, 8], [5, 9], [6, 0], [6, 1], [6, 2], [6, 3], [6, 4], [6, 5], [7, 0], [7, 1], [7, 2], [7, 3], [7, 4], [7, 5], [8, 0], [8, 1], [8, 2], [8, 3], [8, 4], [8, 5], [9, 0], [9, 1], [9, 2], [9, 3], [9, 4], [9, 5], [10, 3], [10, 4], [10, 5], [10, 6], [10, 7], [10, 8], [10, 9], [11, 3], [11, 4], [11, 5], [11, 6], [11, 7], [11, 8], [11, 9], [12, 3], [12, 4], [12, 5], [12, 6], [12, 7], [12, 8], [12, 9], [13, 7], [13, 8], [13, 9], [14, 7], [14, 8], [14, 9], [15, 7], [15, 8], [15, 9], [16, 7], [16, 8], [16, 9], [17, 7], [17, 8], [17, 9]]},
        {"rotation": 2, "cells": [[0, 8], [0, 9], [0, 10], [0, 11], [1, 8], [1, 9], [1, 10], [1, 11], [2, 8], [2, 9], [2, 10], [2, 11], [3, 5], [3, 6], [3, 7], [3, 8], [3, 9], [3, 10], [3, 11], [3, 12], [3, 13], [3, 14], [4, 5], [4, 6], [4, 7], [4, 8], [4, 9], [4, 10], [4, 11], [4, 12], [4, 13], [4, 14], [5, 5], [5, 6], [5, 7], [5, 8], [5, 9], [5, 10], [5, 11], [5, 12], [5, 13], [5, 14], [6, 5], [6, 6], [6, 7], [6, 12], [6, 13], [6, 14], [7, 0], [7, 1], [7, 2], [7, 3], [7, 4], [7, 5], [7, 6], [7, 7], [7, 12], [7, 13], [7, 14], [7, 15], [7, 16], [7, 17], [8, 0], [8, 1], [8, 2], [8, 3], [8, 4], [8, 5], [8, 6], [8, 7], [8, 12], [8, 13], [8, 14], [8, 15], [8, 16], [8, 17], [9, 0], [9, 1], [9, 2], [9, 3], [9, 4], [9, 5], [9, 6], [9, 7], [9, 12], [9, 13], [9, 14], [9, 15], [9, 16], [9, 17]]},
        {"rotation": 3, "cells": [[0, 0], [0, 1], [0, 2], [1, 0], [1, 1], [1, 2], [2, 0], [2, 1], [2, 2], [3, 0], [3, 1], [3, 2], [4, 0], [4, 1], [4, 2], [5, 0], [5, 1], [5, 2], [5, 3], [5, 4], [5, 5], [5, 6], [6, 0], [6, 1], [6, 2], [6, 3], [6, 4], [6, 5], [6, 6], [7, 0], [7, 1], [7, 2], [7, 3], [7, 4], [7, 5], [7, 6], [8, 4], [8, 5], [8, 6], [8, 7], [8, 8], [8, 9], [9, 4], [9, 5], [9, 6], [9, 7], [9, 8], [9, 9], [10, 4], [10, 5], [10, 6], [10, 7], [10, 8], [10, 9], [11, 4], [11, 5], [11, 6], [11, 7], [11, 8], [11, 9], [12, 0], [12, 1], [12, 2], [12, 3], [12, 4], [12, 5], [12, 6], [13, 0], [13, 1], [13, 2], [13, 3], [13, 4], [13, 5], [13, 6], [14, 0], [14, 1], [14, 2], [14, 3], [14, 4], [14, 5], [14, 6], [15, 0], [15, 1], [15, 2], [16, 0], [16, 1], [16, 2], [17, 0], [17, 1], [17, 2]]}
      ]
    },
    {
      "resource_id": 26,
      "name": "Hippopotamus",
      "type": "Herbivore Enclosure",
      "bounding_box": 18,
      "cost": 1876543,
      "interest_factor": 80,
      "incompatible_with": [26, 12, 13, 14, 28, 29, 30, 31],
      "orientations": [
        {"rotation": 0, "cells": [[0, 0], [0, 1], [0, 2], [0, 3], [0, 4], [0, 5], [0, 6], [0, 7], [0, 8], [0, 9], [0, 10], [0, 11], [0, 12], [0, 13], [0, 14], [0, 15], [0, 16], [0, 17], [1, 0], [1, 1], [1, 2], [1, 3], [1, 4], [1, 5], [1, 6], [1, 7], [1, 8], [1, 9], [1, 10], [1, 11], [1, 12], [1, 13], [1, 14], [1, 15], [1, 16], [1, 17], [2, 0], [2, 1], [2, 2], [2, 3], [2, 4], [2, 5], [2, 6], [2, 7], [2, 8], [2, 9], [2, 10], [2, 11], [2, 12], [2, 13], [2, 14], [2, 15], [2, 16], [2, 17], [3, 0], [3, 1], [3, 2], [3, 3], [3, 4], [3, 5], [3, 6], [3, 7], [3, 8], [3, 9], [3, 10], [3, 11], [3, 12], [3, 13], [3, 14], [3, 15], [3, 16], [3, 17], [4, 1], [4, 2], [4, 3], [4, 4], [4, 5], [4, 6], [4, 7], [4, 8], [4, 9], [4, 10], [4, 11], [4, 12], [4, 13], [4, 14], [4, 15], [5, 2], [5, 3], [5, 4], [5, 5], [5, 6], [5, 7], [5, 8], [5, 9], [5, 10], [5, 11], [5, 12], [5, 13], [5, 14], [6, 3], [6, 4], [6, 5], [6, 6], [6, 7], [6, 8], [6, 9], [6, 10], [6, 11], [6, 12], [6, 13], [7, 4], [7, 5], [7, 6], [7, 7], [7, 8], [7, 9], [7, 10], [7, 11], [7, 12], [8, 5], [8, 6], [8, 7], [8, 8], [8, 9], [8, 10], [8, 11], [9, 6], [9, 7], [9, 8], [9, 9], [9, 10], [10, 7], [10, 8], [10, 9], [11, 8]]},
        {"rotation": 1, "cells": [[0, 8], [0, 9], [0, 10], [0, 11], [1, 7], [1, 8], [1, 9], [1, 10], [1, 11], [2, 6], [2, 7], [2, 8], [2, 9], [2, 10], [2, 11], [3, 5], [3, 6], [3, 7], [3, 8], [3, 9], [3, 10], [3, 11], [4, 4], [4, 5], [4, 6], [4, 7], [4, 8], [4, 9], [4, 10], [4, 11], [5, 3], [5, 4], [5, 5], [5, 6], [5, 7], [5, 8], [5, 9], [5, 10], [5, 11], [6, 2], [6, 3], [6, 4], [6, 5], [6, 6], [6, 7], [6, 8], [6, 9], [6, 10], [6, 11], [7, 1], [7, 2], [7, 3], [7, 4], [7, 5], [7, 6], [7, 7], [7, 8], [7, 9], [7, 10], [7, 11], [8, 0], [8, 1], [8, 2], [8, 3], [8, 4], [8, 5], [8, 6], [8, 7], [8, 8], [8, 9], [8, 10], [8, 11], [9, 1], [9, 2], [9, 3], [9, 4], [9, 5], [9, 6], [9, 7], [9, 8], [9, 9], [9, 10], [9, 11], [10, 2], [10, 3], [10, 4], [10, 5], [10, 6], [10, 7], [10, 8], [10, 9], [10, 10], [10, 11], [11, 3], [11, 4], [11, 5], [11, 6], [11, 7], [11, 8], [11, 9], [11, 10], [11, 11], [12, 4], [12, 5], [12, 6], [12, 7], [12, 8], [12, 9], [12, 10], [12, 11], [13, 5], [13, 6], [13, 7], [13, 8], [13, 9], [13, 10], [13, 11], [14, 6], [14, 7], [14, 8], [14, 9], [14, 10], [14, 11], [15, 7], [15, 8], [15, 9], [15, 10], [15, 11], [16, 8], [16, 9], [16, 10], [16, 11], [17, 8], [17, 9], [17, 10], [17, 11]]},
        {"rotation": 2, "cells": [[0, 9], [1, 8], [1, 9], [1, 10], [2, 7], [2, 8], [2, 9], [2, 10], [2, 11], [3, 6], [3, 7], [3, 8], [3, 9], [3, 10], [3, 11], [3, 12], [4, 5], [4, 6], [4, 7], [4, 8], [4, 9], [4, 10], [4, 11], [4, 12], [4, 13], [5, 4], [5, 5], [5, 6], [5, 7], [5, 8], [5, 9], [5, 10], [5, 11], [5, 12], [5, 13], [5, 14], [6, 3], [6, 4], [6, 5], [6, 6], [6, 7], [6, 8], [6, 9], [6, 10], [6, 11], [6, 12], [6, 13], [6, 14], [6, 15], [7, 2], [7, 3], [7, 4], [7, 5], [7, 6], [7, 7], [7, 8], [7, 9], [7, 10], [7, 11], [7, 12], [7, 13], [7, 14], [7, 15], [7, 16], [8, 0], [8, 1], [8, 2], [8, 3], [8, 4], [8, 5], [8, 6], [8, 7], [8, 8], [8, 9], [8, 10], [8, 11], [8, 12], [8, 13], [8, 14], [8, 15], [8, 16], [8, 17], [9, 0], [9, 1], [9, 2], [9, 3], [9, 4], [9, 5], [9, 6], [9, 7], [9, 8], [9, 9], [9, 10], [9, 11], [9, 12], [9, 13], [9, 14], [9, 15], [9, 16], [9, 17], [10, 0], [10, 1], [10, 2], [10, 3], [10, 4], [10, 5], [10, 6], [10, 7], [10, 8], [10, 9], [10, 10], [10, 11], [10, 12], [10, 13], [10, 14], [10, 15], [10, 16], [10, 17], [11, 0], [11, 1], [11, 2], [11, 3], [11, 4], [11, 5], [11, 6], [11, 7], [11, 8], [11, 9], [11, 10], [11, 11], [11, 12], [11, 13], [11, 14], [11, 15], [11, 16], [11, 17]]},
        {"rotation": 3, "cells": [[0, 0], [0, 1], [0, 2], [0, 3], [1, 0], [1, 1], [1, 2], [1, 3], [2, 0], [2, 1], [2, 2], [2, 3], [2, 4], [3, 0], [3, 1], [3, 2], [3, 3], [3, 4], [3, 5], [4, 0], [4, 1], [4, 2], [4, 3], [4, 4], [4, 5], [4, 6], [5, 0], [5, 1], [5, 2], [5, 3], [5, 4], [5, 5], [5, 6], [5, 7], [6, 0], [6, 1], [6, 2], [6, 3], [6, 4], [6, 5], [6, 6], [6, 7], [6, 8], [7, 0], [7, 1], [7, 2], [7, 3], [7, 4], [7, 5], [7, 6], [7, 7], [7, 8], [7, 9], [8, 0], [8, 1], [8, 2], [8, 3], [8, 4], [8, 5], [8, 6], [8, 7], [8, 8], [8, 9], [8, 10], [9, 0], [9, 1], [9, 2], [9, 3], [9, 4], [9, 5], [9, 6], [9, 7], [9, 8], [9, 9], [9, 10], [9, 11], [10, 0], [10, 1], [10, 2], [10, 3], [10, 4], [10, 5], [10, 6], [10, 7], [10, 8], [10, 9], [10, 10], [11, 0], [11, 1], [11, 2], [11, 3], [11, 4], [11, 5], [11, 6], [11, 7], [11, 8], [11, 9], [12, 0], [12, 1], [12, 2], [12, 3], [12, 4], [12, 5], [12, 6], [12, 7], [12, 8], [13, 0], [13, 1], [13, 2], [13, 3], [13, 4], [13, 5], [13, 6], [13, 7], [14, 0], [14, 1], [14, 2], [14, 3], [14, 4], [14, 5], [14, 6], [15, 0], [15, 1], [15, 2], [15, 3], [15, 4], [15, 5], [16, 0], [16, 1], [16, 2], [16, 3], [16, 4], [17, 0], [17, 1], [17, 2], [17, 3]]}
      ]
    },
    {
      "resource_id": 27,
      "name": "Lion",
      "type": "Carnivore Enclosure",
      "bounding_box": 20,
      "cost": 3054321,
      "interest_factor": 100,
      "incompatible_with": [27, 7, 8, 9, 10, 11, 15, 16, 17, 18, 19, 20, 21, 22, 23, 24, 25, 26],
      "orientations": [
        {"rotation": 0, "cells": [[0, 8], [1, 7], [1, 8], [1, 9], [2, 6], [2, 7], [2, 8], [2, 9], [2, 10], [3, 5], [3, 6], [3, 7], [3, 8], [3, 9], [3, 10], [3, 11], [4, 4], [4, 5], [4, 6], [4, 7], [4, 8], [4, 9], [4, 10], [4, 11], [4, 12], [5, 0], [5, 1], [5, 2], [5, 3], [5, 4], [5, 5], [5, 6], [5, 7], [5, 8], [5, 9], [5, 10], [5, 11], [5, 12], [5, 13], [5, 14], [5, 15], [5, 16], [5, 17], [5, 18], [5, 19], [6, 0], [6, 1], [6, 2], [6, 3], [6, 4], [6, 5], [6, 6], [6, 7], [6, 8], [6, 9], [6, 10], [6, 11], [6, 12], [6, 13], [6, 14], [6, 15], [6, 16], [6, 17], [6, 18], [6, 19], [7, 0], [7, 1], [7, 2], [7, 3], [7, 4], [7, 5], [7, 6], [7, 7], [7, 8], [7, 9], [7, 10], [7, 11], [7, 12], [7, 13], [7, 14], [7, 15], [7, 16], [7, 17], [7, 18], [7, 19], [8, 0], [8, 1], [8, 2], [8, 3], [8, 4], [8, 5], [8, 6], [8, 7], [8, 8], [8, 9], [8, 10], [8, 11], [8, 12], [8, 13], [8, 14], [8, 15], [8, 16], [8, 17], [8, 18], [8, 19], [9, 4], [9, 5], [9, 6], [9, 7], [9, 8], [9, 9], [9, 10], [9, 11], [9, 12], [9, 13], [10, 5], [10, 6], [10, 7], [10, 8], [10, 9], [10, 10], [10, 11], [10, 12], [11, 6], [11, 7], [11, 8], [11, 9], [11, 10], [11, 11], [12, 7], [12, 8], [12, 9], [13, 8]]},
        {"rotation": 1, "cells": [[0, 5], [0, 6], [0, 7], [0, 8], [1, 5], [1, 6], [1, 7], [1, 8], [2, 5], [2, 6], [2, 7], [2, 8], [3, 5], [3, 6], [3, 7], [3, 8], [4, 4], [4, 5], [4, 6], [4, 7], [4, 8], [4, 9], [5, 3], [5, 4], [5, 5], [5, 6], [5, 7], [5, 8], [5, 9], [5, 10], [6, 2], [6, 3], [6, 4], [6, 5], [6, 6], [6, 7], [6, 8], [6, 9], [6, 10], [6, 11], [7, 1], [7, 2], [7, 3], [7, 4], [7, 5], [7, 6], [7, 7], [7, 8], [7, 9], [7, 10], [7, 11], [7, 12], [8, 0], [8, 1], [8, 2], [8, 3], [8, 4], [8, 5], [8, 6], [8, 7], [8, 8], [8, 9], [8, 10], [8, 11], [8, 12], [8, 13], [9, 1], [9, 2], [9, 3], [9, 4], [9, 5], [9, 6], [9, 7], [9, 8], [9, 9], [9, 10], [9, 11], [9, 12], [10, 2], [10, 3], [10, 4], [10, 5], [10, 6], [10, 7], [10, 8], [10, 9], [10, 10], [10, 11], [11, 2], [11, 3], [11, 4], [11, 5], [11, 6], [11, 7], [11, 8], [11, 9], [11, 10], [12, 3], [12, 4], [12, 5], [12, 6], [12, 7], [12, 8], [12, 9], [13, 4], [13, 5], [13, 6], [13, 7], [13, 8], [14, 5], [14, 6], [14, 7], [14, 8], [15, 5], [15, 6], [15, 7], [15, 8], [16, 5], [16, 6], [16, 7], [16, 8], [17, 5], [17, 6], [17, 7], [17, 8], [18, 5], [18, 6], [18, 7], [18, 8], [19, 5], [19, 6], [19, 7], [19, 8]]},
        {"rotation": 2, "cells": [[0, 11], [1, 10], [1, 11], [1, 12], [2, 8], [2, 9], [2, 10], [2, 11], [2, 12], [2, 13], [3, 7], [3, 8], [3, 9], [3, 10], [3, 11], [3, 12], [3, 13], [3, 14], [4, 6], [4, 7], [4, 8], [4, 9], [4, 10], [4, 11], [4, 12], [4, 13], [4, 14], [4, 15], [5, 0], [5, 1], [5, 2], [5, 3], [5, 4], [5, 5], [5, 6], [5, 7], [5, 8], [5, 9], [5, 10], [5, 11], [5, 12], [5, 13], [5, 14], [5, 15], [5, 16], [5, 17], [5, 18], [5, 19], [6, 0], [6, 1], [6, 2], [6, 3], [6, 4], [6, 5], [6, 6], [6, 7], [6, 8], [6, 9], [6, 10], [6, 11], [6, 12], [6, 13], [6, 14], [6, 15], [6, 16], [6, 17], [6, 18], [6, 19], [7, 0], [7, 1], [7, 2], [7, 3], [7, 4], [7, 5], [7, 6], [7, 7], [7, 8], [7, 9], [7, 10], [7, 11], [7, 12], [7, 13], [7, 14], [7, 15], [7, 16], [7, 17], [7, 18], [7, 19], [8, 0], [8, 1], [8, 2], [8, 3], [8, 4], [8, 5], [8, 6], [8, 7], [8, 8], [8, 9], [8, 10], [8, 11], [8, 12], [8, 13], [8, 14], [8, 15], [8, 16], [8, 17], [8, 18], [8, 19], [9, 7], [9, 8], [9, 9], [9, 10], [9, 11], [9, 12], [9, 13], [9, 14], [9, 15], [10, 8], [10, 9], [10, 10], [10, 11], [10, 12], [10, 13], [10, 14], [11, 9], [11, 10], [11, 11], [11, 12], [11, 13], [12, 10], [12, 11], [12, 12], [13, 11]]},
        {"rotation": 3, "cells": [[0, 5], [0, 6], [0, 7], [0, 8], [1, 5], [1, 6], [1, 7], [1, 8], [2, 5], [2, 6], [2, 7], [2, 8], [3, 5], [3, 6], [3, 7], [3, 8], [4, 5], [4, 6], [4, 7], [4, 8], [5, 5], [5, 6], [5, 7], [5, 8], [6, 5], [6, 6], [6, 7], [6, 8], [6, 9], [7, 4], [7, 5], [7, 6], [7, 7], [7, 8], [7, 9], [7, 10], [8, 3], [8, 4], [8, 5], [8, 6], [8, 7], [8, 8], [8, 9], [8, 10], [8, 11], [9, 2], [9, 3], [9, 4], [9, 5], [9, 6], [9, 7], [9, 8], [9, 9], [9, 10], [9, 11], [10, 1], [10, 2], [10, 3], [10, 4], [10, 5], [10, 6], [10, 7], [10, 8], [10, 9], [10, 10], [10, 11], [10, 12], [11, 0], [11, 1], [11, 2], [11, 3], [11, 4], [11, 5], [11, 6], [11, 7], [11, 8], [11, 9], [11, 10], [11, 11], [11, 12], [11, 13], [12, 1], [12, 2], [12, 3], [12, 4], [12, 5], [12, 6], [12, 7], [12, 8], [12, 9], [12, 10], [12, 11], [12, 12], [13, 2], [13, 3], [13, 4], [13, 5], [13, 6], [13, 7], [13, 8], [13, 9], [13, 10], [13, 11], [14, 3], [14, 4], [14, 5], [14, 6], [14, 7], [14, 8], [14, 9], [14, 10], [15, 4], [15, 5], [15, 6], [15, 7], [15, 8], [15, 9], [16, 5], [16, 6], [16, 7], [16, 8], [17, 5], [17, 6], [17, 7], [17, 8], [18, 5], [18, 6], [18, 7], [18, 8], [19, 5], [19, 6], [19, 7], [19, 8]]}
      ]
    },
    {
      "resource_id": 28,
      "name": "Leopard",
      "type": "Carnivore Enclosure",
      "bounding_box": 20,
      "cost": 2898765,
      "interest_factor": 95,
      "incompatible_with": [28, 7, 8, 9, 10, 11, 15, 16, 17, 18, 19, 20, 21, 22, 23, 24, 25, 26],
      "orientations": [
        {"rotation": 0, "cells": [[0, 0], [0, 1], [0, 2], [0, 3], [1, 0], [1, 1], [1, 2], [1, 3], [2, 0], [2, 1], [2, 2], [2, 3], [3, 0], [3, 1], [3, 2], [3, 3], [4, 0], [4, 1], [4, 2], [4, 3], [4, 4], [4, 5], [4, 6], [4, 7], [4, 8], [5, 0], [5, 1], [5, 2], [5, 3], [5, 4], [5, 5], [5, 6], [5, 7], [5, 8], [6, 0], [6, 1], [6, 2], [6, 3], [6, 4], [6, 5], [6, 6], [6, 7], [6, 8], [7, 5], [7, 6], [7, 7], [7, 8], [7, 9], [7, 10], [7, 11], [7, 12], [7, 13], [7, 14], [7, 15], [7, 16], [7, 17], [7, 18], [7, 19], [8, 5], [8, 6], [8, 7], [8, 8], [8, 9], [8, 10], [8, 11], [8, 12], [8, 13], [8, 14], [8, 15], [8, 16], [8, 17], [8, 18], [8, 19], [9, 5], [9, 6], [9, 7], [9, 8], [9, 9], [9, 10], [9, 11], [9, 12], [9, 13], [9, 14], [9, 15], [9, 16], [9, 17], [9, 18], [9, 19], [10, 5], [10, 6], [10, 7], [10, 8], [10, 9], [10, 10], [10, 11], [10, 12], [10, 13], [10, 14], [10, 15], [10, 16], [10, 17], [10, 18], [10, 19]]},
        {"rotation": 1, "cells": [[0, 4], [0, 5], [0, 6], [0, 7], [0, 8], [0, 9], [0, 10], [1, 4], [1, 5], [1, 6], [1, 7], [1, 8], [1, 9], [1, 10], [2, 4], [2, 5], [2, 6], [2, 7], [2, 8], [2, 9], [2, 10], [3, 4], [3, 5], [3, 6], [3, 7], [3, 8], [3, 9], [3, 10], [4, 4], [4, 5], [4, 6], [5, 0], [5, 1], [5, 2], [5, 3], [5, 4], [5, 5], [5, 6], [6, 0], [6, 1], [6, 2], [6, 3], [6, 4], [6, 5], [6, 6], [7, 0], [7, 1], [7, 2], [7, 3], [7, 4], [7, 5], [7, 6], [8, 0], [8, 1], [8, 2], [8, 3], [8, 4], [8, 5], [8, 6], [9, 0], [9, 1], [9, 2], [9, 3], [10, 0], [10, 1], [10, 2], [10, 3], [11, 0], [11, 1], [11, 2], [11, 3], [12, 0], [12, 1], [12, 2], [12, 3], [13, 0], [13, 1], [13, 2], [13, 3], [14, 0], [14, 1], [14, 2], [14, 3], [15, 0], [15, 1], [15, 2], [15, 3], [16, 0], [16, 1], [16, 2], [16, 3], [17, 0], [17, 1], [17, 2], [17, 3], [18, 0], [18, 1], [18, 2], [18, 3], [19, 0], [19, 1], [19, 2], [19, 3]]},
        {"rotation": 2, "cells": [[0, 0], [0, 1], [0, 2], [0, 3], [0, 4], [0, 5], [0, 6], [0, 7], [0, 8], [0, 9], [0, 10], [0, 11], [0, 12], [0, 13], [0, 14], [1, 0], [1, 1], [1, 2], [1, 3], [1, 4], [1, 5], [1, 6], [1, 7], [1, 8], [1, 9], [1, 10], [1, 11], [1, 12], [1, 13], [1, 14], [2, 0], [2, 1], [2, 2], [2, 3], [2, 4], [2, 5], [2, 6], [2, 7], [2, 8], [2, 9], [2, 10], [2, 11], [2, 12], [2, 13], [2, 14], [3, 0], [3, 1], [3, 2], [3, 3], [3, 4], [3, 5], [3, 6], [3, 7], [3, 8], [3, 9], [3, 10], [3, 11], [3, 12], [3, 13], [3, 14], [4, 11], [4, 12], [4, 13], [4, 14], [4, 15], [4, 16], [4, 17], [4, 18], [4, 19], [5, 11], [5, 12], [5, 13], [5, 14], [5, 15], [5, 16], [5, 17], [5, 18], [5, 19], [6, 11], [6, 12], [6, 13], [6, 14], [6, 15], [6, 16], [6, 17], [6, 18], [6, 19], [7, 16], [7, 17], [7, 18], [7, 19], [8, 16], [8, 17], [8, 18], [8, 19], [9, 16], [9, 17], [9, 18], [9, 19], [10, 16], [10, 17], [10, 18], [10, 19]]},
        {"rotation": 3, "cells": [[0, 7], [0, 8], [0, 9], [0, 10], [1, 7], [1, 8], [1, 9], [1, 10], [2, 7], [2, 8], [2, 9], [2, 10], [3, 7], [3, 8], [3, 9], [3, 10], [4, 7], [4, 8], [4, 9], [4, 10], [5, 7], [5, 8], [5, 9], [5, 10], [6, 7], [6, 8], [6, 9], [6, 10], [7, 7], [7, 8], [7, 9], [7, 10], [8, 7], [8, 8], [8, 9], [8, 10], [9, 7], [9, 8], [9, 9], [9, 10], [10, 7], [10, 8], [10, 9], [10, 10], [11, 4], [11, 5], [11, 6], [11, 7], [11, 8], [11, 9], [11, 10], [12, 4], [12, 5], [12, 6], [12, 7], [12, 8], [12, 9], [12, 10], [13, 4], [13, 5], [13, 6], [13, 7], [13, 8], [13, 9], [13, 10], [14, 4], [14, 5], [14, 6], [14, 7], [14, 8], [14, 9], [14, 10], [15, 4], [15, 5], [15, 6], [16, 0], [16, 1], [16, 2], [16, 3], [16, 4], [16, 5], [16, 6], [17, 0], [17, 1], [17, 2], [17, 3], [17, 4], [17, 5], [17, 6], [18, 0], [18, 1], [18, 2], [18, 3], [18, 4], [18, 5], [18, 6], [19, 0], [19, 1], [19, 2], [19, 3], [19, 4], [19, 5], [19, 6]]}
      ]
    },
    {
      "resource_id": 29,
      "name": "Cheetah",
      "type": "Carnivore Enclosure",
      "bounding_box": 14,
      "cost": 2787654,
      "interest_factor": 90,
      "incompatible_with": [29, 7, 8, 9, 10, 11, 15, 16, 17, 18, 19, 20, 21, 22, 23, 24, 25, 26],
      "orientations": [
        {"rotation": 0, "cells": [[0, 0], [0, 1], [0, 2], [0, 3], [0, 4], [0, 5], [0, 6], [0, 7], [0, 8], [0, 9], [0, 10], [0, 11], [0, 12], [0, 13], [1, 1], [1, 2], [1, 3], [1, 4], [1, 5], [1, 6], [1, 7], [1, 8], [1, 9], [1, 10], [1, 11], [1, 12], [2, 2], [2, 3], [2, 4], [2, 5], [2, 6], [2, 7], [2, 8], [2, 9], [2, 10], [2, 11], [3, 3], [3, 4], [3, 5], [3, 6], [3, 7], [3, 8], [3, 9], [3, 10], [4, 4], [4, 5], [4, 6], [4, 7], [4, 8], [4, 9], [5, 5], [5, 6], [5, 7], [5, 8], [6, 6], [6, 7], [7, 6], [7, 7], [8, 5], [8, 6], [8, 7], [8, 8], [9, 4], [9, 5], [9, 6], [9, 7], [9, 8], [9, 9], [10, 3], [10, 4], [10, 5], [10, 6], [10, 7], [10, 8], [10, 9], [10, 10], [11, 2], [11, 3], [11, 4], [11, 5], [11, 6], [11, 7], [11, 8], [11, 9], [11, 10], [11, 11], [12, 1], [12, 2], [12, 3], [12, 4], [12, 5], [12, 6], [12, 7], [12, 8], [12, 9], [12, 10], [12, 11], [12, 12], [13, 0], [13, 1], [13, 2], [13, 3], [13, 4], [13, 5], [13, 6], [13, 7], [13, 8], [13, 9], [13, 10], [13, 11], [13, 12], [13, 13]]},
        {"rotation": 1, "cells": [[0, 0], [0, 13], [1, 0], [1, 1], [1, 12], [1, 13], [2, 0], [2, 1], [2, 2], [2, 11], [2, 12], [2, 13], [3, 0], [3, 1], [3, 2], [3, 3], [3, 10], [3, 11], [3, 12], [3, 13], [4, 0], [4, 1], [4, 2], [4, 3], [4, 4], [4, 9], [4, 10], [4, 11], [4, 12], [4, 13], [5, 0], [5, 1], [5, 2], [5, 3], [5, 4], [5, 5], [5, 8], [5, 9], [5, 10], [5, 11], [5, 12], [5, 13], [6, 0], [6, 1], [6, 2], [6, 3], [6, 4], [6, 5], [6, 6], [6, 7], [6, 8], [6, 9], [6, 10], [6, 11], [6, 12], [6, 13], [7, 0], [7, 1], [7, 2], [7, 3], [7, 4], [7, 5], [7, 6], [7, 7], [7, 8], [7, 9], [7, 10], [7, 11], [7, 12], [7, 13], [8, 0], [8, 1], [8, 2], [8, 3], [8, 4], [8, 5], [8, 8], [8, 9], [8, 10], [8, 11], [8, 12], [8, 13], [9, 0], [9, 1], [9, 2], [9, 3], [9, 4], [9, 9], [9, 10], [9, 11], [9, 12], [9, 13], [10, 0], [10, 1], [10, 2], [10, 3], [10, 10], [10, 11], [10, 12], [10, 13], [11, 0], [11, 1], [11, 2], [11, 11], [11, 12], [11, 13], [12, 0], [12, 1], [12, 12], [12, 13], [13, 0], [13, 13]]},
        {"rotation": 2, "cells": [[0, 0], [0, 1], [0, 2], [0, 3], [0, 4], [0, 5], [0, 6], [0, 7], [0, 8], [0, 9], [0, 10], [0, 11], [0, 12], [0, 13], [1, 1], [1, 2], [1, 3], [1, 4], [1, 5], [1, 6], [1, 7], [1, 8], [1, 9], [1, 10], [1, 11], [1, 12], [2, 2], [2, 3], [2, 4], [2, 5], [2, 6], [2, 7], [2, 8], [2, 9], [2, 10], [2, 11], [3, 3], [3, 4], [3, 5], [3, 6], [3, 7], [3, 8], [3, 9], [3, 10], [4, 4], [4, 5], [4, 6], [4, 7], [4, 8], [4, 9], [5, 5], [5, 6], [5, 7], [5, 8], [6, 6], [6, 7], [7, 6], [7, 7], [8, 5], [8, 6], [8, 7], [8, 8], [9, 4], [9, 5], [9, 6], [9, 7], [9, 8], [9, 9], [10, 3], [10, 4], [10, 5], [10, 6], [10, 7], [10, 8], [10, 9], [10, 10], [11, 2], [11, 3], [11, 4], [11, 5], [11, 6], [11, 7], [11, 8], [11, 9], [11, 10], [11, 11], [12, 1], [12, 2], [12, 3], [12, 4], [12, 5], [12, 6], [12, 7], [12, 8], [12, 9], [12, 10], [12, 11], [12, 12], [13, 0], [13, 1], [13, 2], [13, 3], [13, 4], [13, 5], [13, 6], [13, 7], [13, 8], [13, 9], [13, 10], [13, 11], [13, 12], [13, 13]]},
        {"rotation": 3, "cells": [[0, 0], [0, 13], [1, 0], [1, 1], [1, 12], [1, 13], [2, 0], [2, 1], [2, 2], [2, 11], [2, 12], [2, 13], [3, 0], [3, 1], [3, 2], [3, 3], [3, 10], [3, 11], [3, 12], [3, 13], [4, 0], [4, 1], [4, 2], [4, 3], [4, 4], [4, 9], [4, 10], [4, 11], [4, 12], [4, 13], [5, 0], [5, 1], [5, 2], [5, 3], [5, 4], [5, 5], [5, 8], [5, 9], [5, 10], [5, 11], [5, 12], [5, 13], [6, 0], [6, 1], [6, 2], [6, 3], [6, 4], [6, 5], [6, 6], [6, 7], [6, 8], [6, 9], [6, 10], [6, 11], [6, 12], [6, 13], [7, 0], [7, 1], [7, 2], [7, 3], [7, 4], [7, 5], [7, 6], [7, 7], [7, 8], [7, 9], [7, 10], [7, 11], [7, 12], [7, 13], [8, 0], [8, 1], [8, 2], [8, 3], [8, 4], [8, 5], [8, 8], [8, 9], [8, 10], [8, 11], [8, 12], [8, 13], [9, 0], [9, 1], [9, 2], [9, 3], [9, 4], [9, 9], [9, 10], [9, 11], [9, 12], [9, 13], [10, 0], [10, 1], [10, 2], [10, 3], [10, 10], [10, 11], [10, 12], [10, 13], [11, 0], [11, 1], [11, 2], [11, 11], [11, 12], [11, 13], [12, 0], [12, 1], [12, 12], [12, 13], [13, 0], [13, 13]]}
      ]
    },
    {
      "resource_id": 30,
      "name": "Spotted Hyena",
      "type": "Carnivore Enclosure",
      "bounding_box": 15,
      "cost": 2674873,
      "interest_factor": 88,
      "incompatible_with": [30, 7, 8, 9, 10, 11, 15, 16, 17, 18, 19, 20, 21, 22, 23, 24, 25, 26],
      "orientations": [
        {"rotation": 0, "cells": [[0, 5], [0, 6], [0, 7], [0, 8], [0, 9], [1, 5], [1, 6], [1, 7], [1, 8], [1, 9], [2, 5], [2, 6], [2, 7], [2, 8], [2, 9], [3, 5], [3, 6], [3, 7], [3, 8], [3, 9], [4, 4], [4, 5], [4, 6], [4, 7], [4, 8], [4, 9], [4, 10], [5, 0], [5, 1], [5, 2], [5, 3], [5, 4], [5, 5], [5, 6], [5, 7], [5, 8], [5, 9], [5, 10], [5, 11], [5, 12], [5, 13], [5, 14], [6, 0], [6, 1], [6, 2], [6, 3], [6, 4], [6, 5], [6, 6], [6, 7], [6, 8], [6, 9], [6, 10], [6, 11], [6, 12], [6, 13], [6, 14], [7, 0], [7, 1], [7, 2], [7, 3], [7, 4], [7, 5], [7, 6], [7, 7], [7, 8], [7, 9], [7, 10], [7, 11], [7, 12], [7, 13], [7, 14], [8, 0], [8, 1], [8, 2], [8, 3], [8, 4], [8, 5], [8, 6], [8, 7], [8, 8], [8, 9], [8, 10], [8, 11], [8, 12], [8, 13], [8, 14], [9, 0], [9, 1], [9, 2], [9, 3], [9, 4], [9, 5], [9, 6], [9, 7], [9, 8], [9, 9], [9, 10], [9, 11], [9, 12], [9, 13], [9, 14], [10, 4], [10, 5], [10, 6], [10, 7], [10, 8], [10, 9], [10, 10], [11, 5], [11, 6], [11, 7], [11, 8], [11, 9], [12, 5], [12, 6], [12, 7], [12, 8], [12, 9], [13, 5], [13, 6], [13, 7], [13, 8], [13, 9], [14, 5], [14, 6], [14, 7], [14, 8], [14, 9]]},
        {"rotation": 1, "cells": [[0, 5], [0, 6], [0, 7], [0, 8], [0, 9], [1, 5], [1, 6], [1, 7], [1, 8], [1, 9], [2, 5], [2, 6], [2, 7], [2, 8], [2, 9], [3, 5], [3, 6], [3, 7], [3, 8], [3, 9], [4, 4], [4, 5], [4, 6], [4, 7], [4, 8], [4, 9], [4, 10], [5, 0], [5, 1], [5, 2], [5, 3], [5, 4], [5, 5], [5, 6], [5, 7], [5, 8], [5, 9], [5, 10], [5, 11], [5, 12], [5, 13], [5, 14], [6, 0], [6, 1], [6, 2], [6, 3], [6, 4], [6, 5], [6, 6], [6, 7], [6, 8], [6, 9], [6, 10], [6, 11], [6, 12], [6, 13], [6, 14], [7, 0], [7, 1], [7, 2], [7, 3], [7, 4], [7, 5], [7, 6], [7, 7], [7, 8], [7, 9], [7, 10], [7, 11], [7, 12], [7, 13], [7, 14], [8, 0], [8, 1], [8, 2], [8, 3], [8, 4], [8, 5], [8, 6], [8, 7], [8, 8], [8, 9], [8, 10], [8, 11], [8, 12], [8, 13], [8, 14], [9, 0], [9, 1], [9, 2], [9, 3], [9, 4], [9, 5], [9, 6], [9, 7], [9, 8], [9, 9], [9, 10], [9, 11], [9, 12], [9, 13], [9, 14], [10, 4], [10, 5], [10, 6], [10, 7], [10, 8], [10, 9], [10, 10], [11, 5], [11, 6], [11, 7], [11, 8], [11, 9], [12, 5], [12, 6], [12, 7], [12, 8], [12, 9], [13, 5], [13, 6], [13, 7], [13, 8], [13, 9], [14, 5], [14, 6], [14, 7], [14, 8], [14, 9]]},
        {"rotation": 2, "cells": [[0, 5], [0, 6], [0, 7], [0, 8], [0, 9], [1, 5], [1, 6], [1, 7], [1, 8], [1, 9], [2, 5], [2, 6], [2, 7], [2, 8], [2, 9], [3, 5], [3, 6], [3, 7], [3, 8], [3, 9], [4, 4], [4, 5], [4, 6], [4, 7], [4, 8], [4, 9], [4, 10], [5, 0], [5, 1], [5, 2], [5, 3], [5, 4], [5, 5], [5, 6], [5, 7], [5, 8], [5, 9], [5, 10], [5, 11], [5, 12], [5, 13], [5, 14], [6, 0], [6, 1], [6, 2], [6, 3], [6, 4], [6, 5], [6, 6], [6, 7], [6, 8], [6, 9], [6, 10], [6, 11], [6, 12], [6, 13], [6, 14], [7, 0], [7, 1], [7, 2], [7, 3], [7, 4], [7, 5], [7, 6], [7, 7], [7, 8], [7, 9], [7, 10], [7, 11], [7, 12], [7, 13], [7, 14], [8, 0], [8, 1], [8, 2], [8, 3], [8, 4], [8, 5], [8, 6], [8, 7], [8, 8], [8, 9], [8, 10], [8, 11], [8, 12], [8, 13], [8, 14], [9, 0], [9, 1], [9, 2], [9, 3], [9, 4], [9, 5], [9, 6], [9, 7], [9, 8], [9, 9], [9, 10], [9, 11], [9, 12], [9, 13], [9, 14], [10, 4], [10, 5], [10, 6], [10, 7], [10, 8], [10, 9], [10, 10], [11, 5], [11, 6], [11, 7], [11, 8], [11, 9], [12, 5], [12, 6], [12, 7], [12, 8], [12, 9], [13, 5], [13, 6], [13, 7], [13, 8], [13, 9], [14, 5], [14, 6], [14, 7], [14, 8], [14, 9]]},
        {"rotation": 3, "cells": [[0, 5], [0, 6], [0, 7], [0, 8], [0, 9], [1, 5], [1, 6], [1, 7], [1, 8], [1, 9], [2, 5], [2, 6], [2, 7], [2, 8], [2, 9], [3, 5], [3, 6], [3, 7], [3, 8], [3, 9], [4, 4], [4, 5], [4, 6], [4, 7], [4, 8], [4, 9], [4, 10], [5, 0], [5, 1], [5, 2], [5, 3], [5, 4], [5, 5], [5, 6], [5, 7], [5, 8], [5, 9], [5, 10], [5, 11], [5, 12], [5, 13], [5, 14], [6, 0], [6, 1], [6, 2], [6, 3], [6, 4], [6, 5], [6, 6], [6, 7], [6, 8], [6, 9], [6, 10], [6, 11], [6, 12], [6, 13], [6, 14], [7, 0], [7, 1], [7, 2], [7, 3], [7, 4], [7, 5], [7, 6], [7, 7], [7, 8], [7, 9], [7, 10], [7, 11], [7, 12], [7, 13], [7, 14], [8, 0], [8, 1], [8, 2], [8, 3], [8, 4], [8, 5], [8, 6], [8, 7], [8, 8], [8, 9], [8, 10], [8, 11], [8, 12], [8, 13], [8, 14], [9, 0], [9, 1], [9, 2], [9, 3], [9, 4], [9, 5], [9, 6], [9, 7], [9, 8], [9, 9], [9, 10], [9, 11], [9, 12], [9, 13], [9, 14], [10, 4], [10, 5], [10, 6], [10, 7], [10, 8], [10, 9], [10, 10], [11, 5], [11, 6], [11, 7], [11, 8], [11, 9], [12, 5], [12, 6], [12, 7], [12, 8], [12, 9], [13, 5], [13, 6], [13, 7], [13, 8], [13, 9], [14, 5], [14, 6], [14, 7], [14, 8], [14, 9]]}
      ]
    }
  ]
}